obs_wl_air(nm)	ritz_wl_air(nm)	intens	Aki(s^-1)	Acc	Ei(cm-1)	Ek(cm-1)	Type	tp_ref	line_ref	
"380.130"	""	"270"	""		""	""		""	"L3475"	
"380.292"	""	"2700"	""		""	""		""	"L3475"	
"380.388"	""	"670"	""		""	""		""	"L3475"	
"380.474"	""	"530"	""		""	""		""	"L3475"	
"381.049"	""	"670"	""		""	""		""	"L3475"	
"381.103"	""	"530"	""		""	""		""	"L3475"	
"381.551"	""	"530"	""		""	""		""	"L3475"	
"381.915"	""	"210"	""		""	""		""	"L3475"	
"382.488"	""	"670"	""		""	""		""	"L3475"	
"383.518"	""	"350"	""		""	""		""	"L3475"	
"383.645"	""	"250"	""		""	""		""	"L3475"	
"384.590"	""	"210"	""		""	""		""	"L3475"	
"385.895"	""	"290"	""		""	""		""	"L3475"	
"386.338"	""	"350"	""		""	""		""	"L3475"	
"386.792"	""	"270"	""		""	""		""	"L3475"	
"387.756"	""	"530"	""		""	""		""	"L3475"	
"387.882"	""	"870"	""		""	""		""	"L3475"	
"388.314"	""	"670"	""		""	""		""	"L3475"	
"388.544"	""	"1100"	""		""	""		""	"L3475"	
"388.568"	""	"670"	""		""	""		""	"L3475"	
"388.607"	""	"210"	""		""	""		""	"L3475"	
"389.130"	""	"580"	""		""	""		""	"L3475"	
"390.897"	""	"210"	""		""	""		""	"L3475"	
"391.470"	""	"670"	""		""	""		""	"L3475"	
"392.020"	""	"530"	""		""	""		""	"L3475"	
"393.744"	""	"670"	""		""	""		""	"L3475"	
"394.367"	""	"520"	""		""	""		""	"L3475"	
"396.569"	""	"250"	""		""	""		""	"L3475"	
"396.609"	""	"910bl"	""		""	""		""	"L3475"	
"397.185"	""	"210"	""		""	""		""	"L3475"	
"403.252"	""	"1100"	""		""	""		""	"L3475"	
"403.953"	""	"250"	""		""	""		""	"L3475"	
"405.894"	""	"16000c"	""		""	""		""	"L3475"	
"405.951"	""	"210"	""		""	""		""	"L3475"	
"406.079"	""	"350"	""		""	""		""	"L3475"	
"406.826"	""	"210"	""		""	""		""	"L3475"	
"407.973"	""	"12000"	""		""	""		""	"L3475"	
"408.486"	""	"270"	""		""	""		""	"L3475"	
"410.040"	""	"440"	""		""	""		""	"L3475"	
"410.092"	""	"6700"	""		""	""		""	"L3475"	
"411.690"	""	"310"	""		""	""		""	"L3475"	
"412.381"	""	"5300"	""		""	""		""	"L3475"	
"412.943"	""	"670"	""		""	""		""	"L3475"	
"412.993"	""	"770"	""		""	""		""	"L3475"	
"413.710"	""	"2300"	""		""	""		""	"L3475"	
"413.944"	""	"440"	""		""	""		""	"L3475"	
"413.971"	""	"2700"	""		""	""		""	"L3475"	
"414.321"	""	"350"	""		""	""		""	"L3475"	
"415.012"	""	"870"	""		""	""		""	"L3475"	
"415.258"	""	"4400"	""		""	""		""	"L3475"	
"416.347"	""	"870"	""		""	""		""	"L3475"	
"416.366"	""	"4400"	""		""	""		""	"L3475"	
"416.466"	""	"4000"	""		""	""		""	"L3475"	
"416.813"	""	"3500"	""		""	""		""	"L3475"	
"418.444"	""	"310"	""		""	""		""	"L3475"	
"419.088"	""	"1200"	""		""	""		""	"L3475"	
"419.207"	""	"870"	""		""	""		""	"L3475"	
"419.509"	""	"870"	""		""	""		""	"L3475"	
"419.566"	""	"1300"	""		""	""		""	"L3475"	
"419.851"	""	"310"	""		""	""		""	"L3475"	
"420.152"	""	"350"	""		""	""		""	"L3475"	
"420.531"	""	"870"	""		""	""		""	"L3475"	
"421.473"	""	"350"	""		""	""		""	"L3475"	
"421.794"	""	"420"	""		""	""		""	"L3475"	
"422.915"	""	"420"	""		""	""		""	"L3475"	
"425.544"	""	"250"	""		""	""		""	"L3475"	
"426.205"	""	"770"	""		""	""		""	"L3475"	
"426.602"	""	"420"	""		""	""		""	"L3475"	
"427.069"	""	"290"	""		""	""		""	"L3475"	
"428.699"	""	"400"	""		""	""		""	"L3475"	
"429.960"	""	"580"	""		""	""		""	"L3475"	
"430.099"	""	"580"	""		""	""		""	"L3475"	
"430.956"	""	"120"	""		""	""		""	"L3475"	
"431.127"	""	"390"	""		""	""		""	"L3475"	
"431.245"	""	"120"	""		""	""		""	"L3475"	
"432.633"	""	"350"	""		""	""		""	"L3475"	
"432.738"	""	"120"	""		""	""		""	"L3475"	
"433.137"	""	"390"	""		""	""		""	"L3475"	
"434.282"	""	"140"	""		""	""		""	"L3475"	
"434.865"	""	"140"	""		""	""		""	"L3475"	
"434.903"	""	"110"	""		""	""		""	"L3475"	
"435.157"	""	"290"	""		""	""		""	"L3475"	
"436.843"	""	"210"	""		""	""		""	"L3475"	
"437.796"	""	"140"	""		""	""		""	"L3475"	
"438.836"	""	"130"	""		""	""		""	"L3475"	
"439.269"	""	"160"	""		""	""		""	"L3475"	
"441.021"	""	"330"	""		""	""		""	"L3475"	
"441.944"	""	"190"	""		""	""		""	"L3475"	
"443.722"	""	"230c"	""		""	""		""	"L3475"	
"444.718"	""	"290"	""		""	""		""	"L3475"	
"445.680"	""	"140"	""		""	""		""	"L3475"	
"445.742"	""	"140"	""		""	""		""	"L3475"	
"446.971"	""	"140"	""		""	""		""	"L3475"	
"447.129"	""	"140"	""		""	""		""	"L3475"	
"447.253"	""	"140"	""		""	""		""	"L3475"	
"450.304"	""	"150"	""		""	""		""	"L3475"	
"452.341"	""	"530"	""		""	""		""	"L3475"	
"454.682"	""	"480"	""		""	""		""	"L3475"	
"456.453"	""	"370"	""		""	""		""	"L3475"	
"457.308"	""	"720"	""		""	""		""	"L3475"	
"458.162"	""	"480"	""		""	""		""	"L3475"	
"460.677"	""	"1200"	""		""	""		""	"L3475"	
"461.617"	""	"170"	""		""	""		""	"L3475"	
"463.011"	""	"450"	""		""	""		""	"L3475"	
"464.895"	""	"450"	""		""	""		""	"L3475"	
"464.927"	""	"110"	""		""	""		""	"L3475"	
"466.383"	""	"450"	""		""	""		""	"L3475"	
"466.624"	""	"340"	""		""	""		""	"L3475"	
"466.722"	""	"240"	""		""	""		""	"L3475"	
"467.209"	""	"580"	""		""	""		""	"L3475"	
"467.537"	""	"530"	""		""	""		""	"L3475"	
"467.848"	""	"110"	""		""	""		""	"L3475"	
"468.514"	""	"320"	""		""	""		""	"L3475"	
"470.614"	""	"130c"	""		""	""		""	"L3475"	
"470.829"	""	"260"	""		""	""		""	"L3475"	
"471.350"	""	"150"	""		""	""		""	"L3475"	
"473.389"	""	"110c"	""		""	""		""	"L3475"	
"474.970"	""	"220c"	""		""	""		""	"L3475"	
"481.638"	""	"110"	""		""	""		""	"L3475"	
"484.837"	""	"110c"	""		""	""		""	"L3475"	
"496.778"	""	"130c"	""		""	""		""	"L3475"	
"497.314"	""	"110"	""		""	""		""	"L3475"	
"498.897"	""	"190"	""		""	""		""	"L3475"	
"500.095"	""	"85"	""		""	""		""	"L3475"	
"500.225"	""	"65"	""		""	""		""	"L3475"	
"501.327"	""	"40"	""		""	""		""	"L3475"	
"501.775"	""	"230"	""		""	""		""	"L3475"	
"501.951"	""	"40"	""		""	""		""	"L3475"	
"502.636"	""	"150"	""		""	""		""	"L3475"	
"503.013"	""	"40"	""		""	""		""	"L3475"	
"503.904"	""	"210"	""		""	""		""	"L3475"	
"504.796"	""	"40"	""		""	""		""	"L3475"	
"505.801"	""	"170"	""		""	""		""	"L3475"	
"505.935"	""	"65"	""		""	""		""	"L3475"	
"506.525"	""	"130"	""		""	""		""	"L3475"	
"507.740"	""	"40"	""		""	""		""	"L3475"	
"507.896"	""	"750"	""		""	""		""	"L3475"	
"509.441"	""	"40c"	""		""	""		""	"L3475"	
"509.530"	""	"420"	""		""	""		""	"L3475"	
"510.016"	""	"170"	""		""	""		""	"L3475"	
"512.030"	""	"170"	""		""	""		""	"L3475"	
"512.180"	""	"85"	""		""	""		""	"L3475"	
"512.766"	""	"85"	""		""	""		""	"L3475"	
"513.334"	""	"40"	""		""	""		""	"L3475"	
"513.475"	""	"210"	""		""	""		""	"L3475"	
"514.058"	""	"75"	""		""	""		""	"L3475"	
"514.754"	""	"75"	""		""	""		""	"L3475"	
"515.064"	""	"40"	""		""	""		""	"L3475"	
"515.263"	""	"75"	""		""	""		""	"L3475"	
"516.033"	""	"250"	""		""	""		""	"L3475"	
"516.438"	""	"250"	""		""	""		""	"L3475"	
"518.031"	""	"230"	""		""	""		""	"L3475"	
"518.698"	""	"110"	""		""	""		""	"L3475"	
"518.920"	""	"190"	""		""	""		""	"L3475"	
"519.308"	""	"170"	""		""	""		""	"L3475"	
"519.584"	""	"150"	""		""	""		""	"L3475"	
"520.322"	""	"65"	""		""	""		""	"L3475"	
"520.513"	""	"35"	""		""	""		""	"L3475"	
"521.910"	""	"85c"	""		""	""		""	"L3475"	
"522.516"	""	"65"	""		""	""		""	"L3475"	
"523.281"	""	"150"	""		""	""		""	"L3475"	
"523.743"	""	"85c"	""		""	""		""	"L3475"	
"524.039"	""	"29"	""		""	""		""	"L3475"	
"525.162"	""	"150bl"	""		""	""		""	"L3475"	
"525.181"	""	""	""		""	""		""	"L3475"	
"525.303"	""	"75"	""		""	""		""	"L3475"	
"525.393"	""	"85"	""		""	""		""	"L3475"	
"526.992"	""	"50"	""		""	""		""	"L3475"	
"527.153"	""	"270"	""		""	""		""	"L3475"	
"527.248"	""	"25"	""		""	""		""	"L3475"	
"527.620"	""	"130c"	""		""	""		""	"L3475"	
"527.943"	""	"29c"	""		""	""		""	"L3475"	
"528.526"	""	"50"	""		""	""		""	"L3475"	
"529.634"	""	"35"	""		""	""		""	"L3475"	
"531.555"	""	"50"	""		""	""		""	"L3475"	
"531.701"	""	"17"	""		""	""		""	"L3475"	
"531.860"	""	"250"	""		""	""		""	"L3475"	
"531.949"	""	"50"	""		""	""		""	"L3475"	
"533.487"	""	"75"	""		""	""		""	"L3475"	
"533.681"	""	"25"	""		""	""		""	"L3475"	
"534.080"	""	"50"	""		""	""		""	"L3475"	
"534.358"	""	"25"	""		""	""		""	"L3475"	
"534.417"	""	"460"	""		""	""		""	"L3475"	
"535.074"	""	"340"	""		""	""		""	"L3475"	
"535.328"	""	"40"	""		""	""		""	"L3475"	
"535.531"	""	"25"	""		""	""		""	"L3475"	
"535.570"	""	"40"	""		""	""		""	"L3475"	
"535.919"	""	"29"	""		""	""		""	"L3475"	
"536.201"	""	"17"	""		""	""		""	"L3475"	
"537.527"	""	"40"	""		""	""		""	"L3475"	
"538.134"	""	"40"	""		""	""		""	"L3475"	
"538.830"	""	"17"	""		""	""		""	"L3475"	
"539.586"	""	"21"	""		""	""		""	"L3475"	
"539.633"	""	"29"	""		""	""		""	"L3475"	
"541.124"	""	"29"	""		""	""		""	"L3475"	
"541.630"	""	"21"	""		""	""		""	"L3475"	
"542.244"	""	"65"	""		""	""		""	"L3475"	
"543.126"	""	"21"	""		""	""		""	"L3475"	
"543.727"	""	"110"	""		""	""		""	"L3475"	
"544.831"	""	"19"	""		""	""		""	"L3475"	
"545.619"	""	"19"	""		""	""		""	"L3475"	
"545.804"	""	"40"	""		""	""		""	"L3475"	
"546.810"	""	"19w"	""		""	""		""	"L3475"	
"548.100"	""	"40"	""		""	""		""	"L3475"	
"548.309"	""	"13"	""		""	""		""	"L3475"	
"548.349"	""	"19"	""		""	""		""	"L3475"	
"549.106"	""	"13"	""		""	""		""	"L3475"	
"549.953"	""	"17"	""		""	""		""	"L3475"	
"550.458"	""	"40"	""		""	""		""	"L3475"	
"550.912"	""	"17"	""		""	""		""	"L3475"	
"551.282"	""	"35c"	""		""	""		""	"L3475"	
"551.739"	""	"17"	""		""	""		""	"L3475"	
"552.357"	""	"50"	""		""	""		""	"L3475"	
"554.147"	""	"25"	""		""	""		""	"L3475"	
"555.135"	""	"85"	""		""	""		""	"L3475"	
"556.300"	""	"29"	""		""	""		""	"L3475"	
"557.144"	""	"17c"	""		""	""		""	"L3475"	
"557.616"	""	"35c"	""		""	""		""	"L3475"	
"557.829"	""	"35"	""		""	""		""	"L3475"	
"558.697"	""	"50"	""		""	""		""	"L3475"	
"559.095"	""	"17c"	""		""	""		""	"L3475"	
"559.489"	""	"13"	""		""	""		""	"L3475"	
"559.959"	""	"17c"	""		""	""		""	"L3475"	
"560.352"	""	"40"	""		""	""		""	"L3475"	
"560.393"	""	"13"	""		""	""		""	"L3475"	
"562.826"	""	"25"	""		""	""		""	"L3475"	
"562.917"	""	"65"	""		""	""		""	"L3475"	
"563.542"	""	"35c"	""		""	""		""	"L3475"	
"564.211"	""	"170"	""		""	""		""	"L3475"	
"564.530"	""	"35"	""		""	""		""	"L3475"	
"565.414"	""	"17"	""		""	""		""	"L3475"	
"566.471"	""	"130"	""		""	""		""	"L3475"	
"566.563"	""	"170"	""		""	""		""	"L3475"	
"566.686"	""	"17"	""		""	""		""	"L3475"	
"567.102"	""	"65c,w"	""		""	""		""	"L3475"	
"567.191"	""	"85"	""		""	""		""	"L3475"	
"567.747"	""	"25"	""		""	""		""	"L3475"	
"569.309"	""	"25"	""		""	""		""	"L3475"	
"569.790"	""	"35bl"	""		""	""		""	"L3475"	
"569.803"	""	""	""		""	""		""	"L3475"	
"570.616"	""	"40"	""		""	""		""	"L3475"	
"570.648"	""	"85"	""		""	""		""	"L3475"	
"570.933"	""	"29"	""		""	""		""	"L3475"	
"571.559"	""	"17"	""		""	""		""	"L3475"	
"571.635"	""	"65"	""		""	""		""	"L3475"	
"572.566"	""	"25"	""		""	""		""	"L3475"	
"572.919"	""	"130"	""		""	""		""	"L3475"	
"573.736"	""	"21"	""		""	""		""	"L3475"	
"573.820"	""	"13"	""		""	""		""	"L3475"	
"575.144"	""	"85"	""		""	""		""	"L3475"	
"576.034"	""	"110"	""		""	""		""	"L3475"	
"576.499"	""	"65"	""		""	""		""	"L3475"	
"577.108"	""	"29"	""		""	""		""	"L3475"	
"577.607"	""	"50c"	""		""	""		""	"L3475"	
"578.034"	""	"17"	""		""	""		""	"L3475"	
"578.754"	""	"85"	""		""	""		""	"L3475"	
"578.979"	""	"17"	""		""	""		""	"L3475"	
"579.424"	""	"50"	""		""	""		""	"L3475"	
"580.403"	""	"50"	""		""	""		""	"L3475"	
"581.533"	""	"29w"	""		""	""		""	"L3475"	
"581.943"	""	"110"	""		""	""		""	"L3475"	
"582.062"	""	"35"	""		""	""		""	"L3475"	
"583.490"	""	"75"	""		""	""		""	"L3475"	
"583.815"	""	"25"	""		""	""		""	"L3475"	
"583.864"	""	"130bl"	""		""	""		""	"L3475"	
"584.247"	""	"50"	""		""	""		""	"L3475"	
"584.609"	""	"17"	""		""	""		""	"L3475"	
"586.647"	""	"65"	""		""	""		""	"L3475"	
"587.470"	""	"35"	""		""	""		""	"L3475"	
"587.779"	""	"17"	""		""	""		""	"L3475"	
"589.344"	""	"40"	""		""	""		""	"L3475"	
"590.062"	""	"190c,w"	""		""	""		""	"L3475"	
"590.380"	""	"40c"	""		""	""		""	"L3475"	
"592.741"	""	"29"	""		""	""		""	"L3475"	
"593.416"	""	"40c"	""		""	""		""	"L3475"	
"595.770"	""	"40"	""		""	""		""	"L3475"	
"598.322"	""	"150"	""		""	""		""	"L3475"	
"598.608"	""	"65"	""		""	""		""	"L3475"	
"599.793"	""	"85c,w"	""		""	""		""	"L3475"	
"602.975"	""	"50"	""		""	""		""	"L3475"	
"603.184"	""	"50"	""		""	""		""	"L3475"	
"604.550"	""	"50"	""		""	""		""	"L3475"	
"604.872"	""	"25"	""		""	""		""	"L3475"	
"605.665"	""	"29"	""		""	""		""	"L3475"	
"610.771"	""	"29"	""		""	""		""	"L3475"	
"614.251"	""	"40"	""		""	""		""	"L3475"	
"614.813"	""	"50"	""		""	""		""	"L3475"	
"616.432"	""	"50"	""		""	""		""	"L3475"	
"621.306"	""	"29"	""		""	""		""	"L3475"	
"622.196"	""	"75"	""		""	""		""	"L3475"	
"625.176"	""	"40c"	""		""	""		""	"L3475"	
"626.077"	""	"21"	""		""	""		""	"L3475"	
"643.046"	""	"85c"	""		""	""		""	"L3475"	
"643.322"	""	"50c"	""		""	""		""	"L3475"	
"649.784"	""	"17"	""		""	""		""	"L3475"	
"654.461"	""	"65"	""		""	""		""	"L3475"	
"657.473"	""	"15"	""		""	""		""	"L3475"	
"659.100"	""	"19c,w"	""		""	""		""	"L3475"	
"660.616"	""	"19"	""		""	""		""	"L3475"	
"660.728"	""	"19"	""		""	""		""	"L3475"	
"661.415"	""	"35"	""		""	""		""	"L3475"	
"662.698"	""	"19"	""		""	""		""	"L3475"	
"666.084"	""	"210c,w"	""		""	""		""	"L3475"	
"667.733"	""	"150c,w"	""		""	""		""	"L3475"	
"670.120"	""	"65"	""		""	""		""	"L3475"	
"672.362"	""	"130c"	""		""	""		""	"L3475"	
"673.988"	""	"75"	""		""	""		""	"L3475"	
"679.531"	""	"25"	""		""	""		""	"L3475"	
"682.811"	""	"85"	""		""	""		""	"L3475"	
"684.935"	""	"25c"	""		""	""		""	"L3475"	
"687.092"	""	"19"	""		""	""		""	"L3475"	
"687.636"	""	"40"	""		""	""		""	"L3475"	
"690.289"	""	"25c"	""		""	""		""	"L3475"	
"690.807"	""	"35"	""		""	""		""	"L3475"	
"691.832"	""	"40"	""		""	""		""	"L3475"	
"694.607"	""	"17"	""		""	""		""	"L3475"	
"697.249"	""	"17"	""		""	""		""	"L3475"	
"698.609"	""	"25"	""		""	""		""	"L3475"	
"699.032"	""	"85"	""		""	""		""	"L3475"	
"699.611"	""	"17c"	""		""	""		""	"L3475"	
"702.348"	""	"21"	""		""	""		""	"L3475"	
"703.804"	""	"17"	""		""	""		""	"L3475"	
"704.681"	""	"190c"	""		""	""		""	"L3475"	
"706.641"	""	"8"	""		""	""		""	"L3475"	
"707.523"	""	"8"	""		""	""		""	"L3475"	
"709.894"	""	"40c"	""		""	""		""	"L3475"	
"710.201"	""	"17c,w"	""		""	""		""	"L3475"	
"711.931"	""	"19"	""		""	""		""	"L3475"	
"712.295"	""	"15"	""		""	""		""	"L3475"	
"712.617"	""	"35"	""		""	""		""	"L3475"	
"713.006"	""	"17"	""		""	""		""	"L3475"	
"715.943"	""	"130"	""		""	""		""	"L3475"	
"719.137"	""	"17"	""		""	""		""	"L3475"	
"720.894"	""	"19c"	""		""	""		""	"L3475"	
"725.235"	""	"50"	""		""	""		""	"L3475"	
"727.481"	""	"15"	""		""	""		""	"L3475"	
"731.703"	""	"13"	""		""	""		""	"L3475"	
"732.392"	""	"17c"	""		""	""		""	"L3475"	
"732.838"	""	"29c,w"	""		""	""		""	"L3475"	
"735.316"	""	"65c"	""		""	""		""	"L3475"	
"737.250"	""	"190c,w"	""		""	""		""	"L3475"	
"741.983"	""	"13"	""		""	""		""	"L3475"	
"743.602"	""	"15"	""		""	""		""	"L3475"	
"747.820"	""	"19"	""		""	""		""	"L3475"	
"751.593"	""	"65"	""		""	""		""	"L3475"	
"751.977"	""	"29c"	""		""	""		""	"L3475"	
"757.458"	""	"170c"	""		""	""		""	"L3475"	
"758.321"	""	"17c"	""		""	""		""	"L3475"	
"763.981"	""	"13"	""		""	""		""	"L3475"	
"764.771"	""	"13"	""		""	""		""	"L3475"	
"770.333"	""	"25"	""		""	""		""	"L3475"	
"772.668"	""	"75c"	""		""	""		""	"L3475"	
"775.731"	""	"25"	""		""	""		""	"L3475"	
"778.711"	""	"6"	""		""	""		""	"L3475"	
