obs_wl_air(nm)	ritz_wl_air(nm)	intens	Aki(s^-1)	Acc	Ei(cm-1)	Ek(cm-1)	conf_i	term_i	J_i	conf_k	term_k	J_k	Type	tp_ref	line_ref	
"396.200"	"396.19679"	"52"	""		"52623.605"	"77856.448"	"3s2.3p3.(4S*).4s"	"5S*"	"2"	"3s2.3p3.(4S*).6p"	"5P"	"3"		""	"L7427"	
"396.249"	"396.24748"	"52"	""		"52623.605"	"77853.220"	"3s2.3p3.(4S*).4s"	"5S*"	"2"	"3s2.3p3.(4S*).6p"	"5P"	"2"		""	"L7427"	
""	"403.2276"	""	"1.08e+06"	E	"55330.775"	"80123.66"	"3s2.3p3.(4S*).4s"	"3S*"	"1"	"3s2.3p3.(4S*).7p"	"3P"	"0"		"T8595,T7952"	""	
""	"403.2878"	""	"1.07e+06"	D	"55330.775"	"80119.96"	"3s2.3p3.(4S*).4s"	"3S*"	"1"	"3s2.3p3.(4S*).7p"	"3P"	"1"		"T8595,T7952"	""	
"403.401"	"403.4047"	"110"	"1.06e+06"	D	"55330.775"	"80112.775"	"3s2.3p3.(4S*).4s"	"3S*"	"1"	"3s2.3p3.(4S*).7p"	"3P"	"2"		"T8595,T7952"	"L7427"	
"415.037"	"415.0423"	"160"	"1.44e+06"	E	"55330.775"	"79417.91"	"3s2.3p3.(4S*).4s"	"3S*"	"1"	"3s2.3p3.(2D*).4p"	"3P"	"0"		"T8595,T7952"	"L7444"	
"415.26040"	"415.26052"	"340"	"1.48e+06"	D	"55330.775"	"79405.255"	"3s2.3p3.(4S*).4s"	"3S*"	"1"	"3s2.3p3.(2D*).4p"	"3P"	"1"		"T8595,T7952"	"L5666"	
"415.76990"	"415.76960"	"230"	"1.59e+06"	D	"55330.775"	"79375.778"	"3s2.3p3.(4S*).4s"	"3S*"	"1"	"3s2.3p3.(2D*).4p"	"3P"	"2"		"T8595,T7952"	"L5666"	
""	"450.73113"	""	"4.87e-03"	D	"0.0000"	"22179.9542"	"3s2.3p4"	"3P"	"2"	"3s2.3p4"	"1S"	"0"	E2	"T8595,T7942c84"	""	
"458.92606"	"458.92608"	"10"	"2.98e-01"	D	"396.05648"	"22179.9542"	"3s2.3p4"	"3P"	"1"	"3s2.3p4"	"1S"	"0"	M1	"T8595,T7942c84"	"L4347"	
"462.528"	"462.5282"	""	""		"64888.9325"	"86503.18"	"3s2.3p3.(4S*).4p"	"3P"	"1"	"3s2.3p3.(2D*).3d"	"3P*"	"2"		""	"L3890"	
"462.606"	"462.6057"	""	""		"64892.5514"	"86503.18"	"3s2.3p3.(4S*).4p"	"3P"	"2"	"3s2.3p3.(2D*).3d"	"3P*"	"2"		""	"L3890"	
"462.927"	"462.9275"	""	""		"64888.9325"	"86484.54"	"3s2.3p3.(4S*).4p"	"3P"	"1"	"3s2.3p3.(2D*).3d"	"3P*"	"1"		""	"L3890"	
"462.980"	"462.9794"	""	""		"64891.3536"	"86484.54"	"3s2.3p3.(4S*).4p"	"3P"	"0"	"3s2.3p3.(2D*).3d"	"3P*"	"1"		""	"L3890"	
"463.005"	"463.0051"	""	""		"64892.5514"	"86484.54"	"3s2.3p3.(4S*).4p"	"3P"	"2"	"3s2.3p3.(2D*).3d"	"3P*"	"1"		""	"L3890"	
"463.172"	"463.172"	""	""		"64888.9325"	"86473.14"	"3s2.3p3.(4S*).4p"	"3P"	"1"	"3s2.3p3.(2D*).3d"	"3P*"	"0"		""	"L3890"	
"469.413"	"469.41084"	"770"	"8.37e+05"	D	"52623.605"	"73920.945"	"3s2.3p3.(4S*).4s"	"5S*"	"2"	"3s2.3p3.(4S*).5p"	"5P"	"3"		"T8595,T7952"	"L7427"	
"469.545"	"469.54390"	"490"	"8.14e+05"	D	"52623.605"	"73914.910"	"3s2.3p3.(4S*).4s"	"5S*"	"2"	"3s2.3p3.(4S*).5p"	"5P"	"2"		"T8595,T7952"	"L7427"	
"469.625"	"469.62489"	"320"	"8.01e+05"	D	"52623.605"	"73911.238"	"3s2.3p3.(4S*).4s"	"5S*"	"2"	"3s2.3p3.(4S*).5p"	"5P"	"1"		"T8595,T7952"	"L7427"	
"527.810"	"527.81250"	"99"	"4.33e+05"	E	"55330.775"	"74271.626"	"3s2.3p3.(4S*).4s"	"3S*"	"1"	"3s2.3p3.(4S*).5p"	"3P"	"0"		"T8595,T7952"	"L7427"	
"527.870"	"527.86966"	"130"	"4.28e+05"	E	"55330.775"	"74269.575"	"3s2.3p3.(4S*).4s"	"3S*"	"1"	"3s2.3p3.(4S*).5p"	"3P"	"1"		"T8595,T7952"	"L7427"	
"527.899"	"527.89885"	"200"	"4.24e+05"	D	"55330.775"	"74268.528"	"3s2.3p3.(4S*).4s"	"3S*"	"1"	"3s2.3p3.(4S*).5p"	"3P"	"2"		"T8595,T7952"	"L7427"	
""	"529.568"	""	"8.89e+05"	D	"63475.027"	"[82353.1]"	"3s2.3p3.(4S*).4p"	"5P"	"3"	"3s2.3p3.(4S*).10d"	"5D*"	"4"		"T8595,T7952"	""	
"537.258"	"537.258"	"180"	"4.33e+05"	E	"63446.038"	"82053.90"	"3s2.3p3.(4S*).4p"	"5P"	"1"	"3s2.3p3.(4S*).9d"	"5D*"	"2"		"T10762,T7952"	"L7427"	
"537.583"	"537.583"	"220"	"8.23e+05"	D+	"63457.1166"	"82053.72"	"3s2.3p3.(4S*).4p"	"5P"	"2"	"3s2.3p3.(4S*).9d"	"5D*"	"3"		"T10762,T7952"	"L7427"	
"538.102"	"538.102"	"280"	"1.23e+06"	D	"63475.027"	"82053.70"	"3s2.3p3.(4S*).4p"	"5P"	"3"	"3s2.3p3.(4S*).9d"	"5D*"	"4"		"T8595,T7952"	"L7427"	
""	"544.1173"	""	"1.63e+05"	E	"63446.038"	"81819.32"	"3s2.3p3.(4S*).4p"	"5P"	"1"	"3s2.3p3.(4S*).10s"	"5S*"	"2"		"T8595,T7952"	""	
"544.441"	"544.4456"	"88"	"2.70e+05"	D	"63457.1166"	"81819.32"	"3s2.3p3.(4S*).4p"	"5P"	"2"	"3s2.3p3.(4S*).10s"	"5S*"	"2"		"T8595,T7952"	"L7427"	
"544.982"	"544.9772"	"88"	"3.77e+05"	D	"63475.027"	"81819.32"	"3s2.3p3.(4S*).4p"	"5P"	"3"	"3s2.3p3.(4S*).10s"	"5S*"	"2"		"T8595,T7952"	"L7427"	
"549.818"	"549.818"	"270"	"6.24e+05"	D	"63446.038"	"81628.82"	"3s2.3p3.(4S*).4p"	"5P"	"1"	"3s2.3p3.(4S*).8d"	"5D*"	"2"		"T10762,T7952"	"L7427"	
"550.154"	"550.154"	"340"	"1.19e+06"	D+	"63457.1166"	"81628.80"	"3s2.3p3.(4S*).4p"	"5P"	"2"	"3s2.3p3.(4S*).8d"	"5D*"	"3"		"T10762,T7952"	"L7427"	
"550.701"	"550.701"	"420"	"1.78e+06"	D+	"63475.027"	"81628.66"	"3s2.3p3.(4S*).4p"	"5P"	"3"	"3s2.3p3.(4S*).8d"	"5D*"	"4"		"T8595,T7952"	"L7427"	
"560.524"	"560.5236"	"84"	"2.45e+05"	D	"63446.038"	"81281.55"	"3s2.3p3.(4S*).4p"	"5P"	"1"	"3s2.3p3.(4S*).9s"	"5S*"	"2"		"T8595,T7952"	"L7427"	
"560.869"	"560.8719"	"170"	"4.07e+05"	D	"63457.1166"	"81281.55"	"3s2.3p3.(4S*).4p"	"5P"	"2"	"3s2.3p3.(4S*).9s"	"5S*"	"2"		"T8595,T7952"	"L7427"	
"561.439"	"561.4361"	"210"	"5.67e+05"	D	"63475.027"	"81281.55"	"3s2.3p3.(4S*).4p"	"5P"	"3"	"3s2.3p3.(4S*).9s"	"5S*"	"2"		"T8595,T7952"	"L7427"	
"569.663"	"569.664"	"260*"	"9.42e+05"	D+	"63446.038"	"80995.39u"	"3s2.3p3.(4S*).4p"	"5P"	"1"	"3s2.3p3.(4S*).7d"	"5D*"	"2"		"T10762,T7952"	"L7427"	
"569.663"	"569.664"	"260*"	"2.02e+06"	D+	"63446.038"	"80995.39u"	"3s2.3p3.(4S*).4p"	"5P"	"1"	"3s2.3p3.(4S*).7d"	"5D*"	"1"		"T10762,T7952"	"L7427"	
"570.024"	"570.023"	"400"	"1.80e+06"	D+	"63457.1166"	"80995.39"	"3s2.3p3.(4S*).4p"	"5P"	"2"	"3s2.3p3.(4S*).7d"	"5D*"	"3"		"T10762,T7952"	"L7427"	
"570.611"	"570.611"	"630"	"2.69e+06"	D+	"63475.027"	"80995.24"	"3s2.3p3.(4S*).4p"	"5P"	"3"	"3s2.3p3.(4S*).7d"	"5D*"	"4"		"T8595,T7952"	"L7427"	
""	"572.439"	""	"2.27e+05"	E	"64888.9325"	"82353.19"	"3s2.3p3.(4S*).4p"	"3P"	"1"	"3s2.3p3.(4S*).10d"	"3D*"	"1"		"T8595,T7952"	""	
""	"572.467"	""	"4.01e+05"	D	"64888.9325"	"82352.35"	"3s2.3p3.(4S*).4p"	"3P"	"1"	"3s2.3p3.(4S*).10d"	"3D*"	"2"		"T8595,T7952"	""	
""	"572.519"	""	"3.01e+05"	E	"64891.3536"	"82353.19"	"3s2.3p3.(4S*).4p"	"3P"	"0"	"3s2.3p3.(4S*).10d"	"3D*"	"1"		"T8595,T7952"	""	
""	"572.558"	""	"1.52e+04"	E'	"64892.5514"	"82353.19"	"3s2.3p3.(4S*).4p"	"3P"	"2"	"3s2.3p3.(4S*).10d"	"3D*"	"1"		"T8595,T7952"	""	
""	"572.585"	""	"1.34e+05"	E	"64892.5514"	"82352.35"	"3s2.3p3.(4S*).4p"	"3P"	"2"	"3s2.3p3.(4S*).10d"	"3D*"	"2"		"T8595,T7952"	""	
""	"572.638"	""	"5.30e+05"	D	"64892.5514"	"82350.75"	"3s2.3p3.(4S*).4p"	"3P"	"2"	"3s2.3p3.(4S*).10d"	"3D*"	"3"		"T8595,T7952"	""	
""	"581.969"	""	"3.17e+05"	E	"64888.9325"	"82067.21"	"3s2.3p3.(4S*).4p"	"3P"	"1"	"3s2.3p3.(4S*).9d"	"3D*"	"1"		"T8595,T7952"	""	
""	"582.051"	""	"4.22e+05"	D	"64891.3536"	"82067.21"	"3s2.3p3.(4S*).4p"	"3P"	"0"	"3s2.3p3.(4S*).9d"	"3D*"	"1"		"T8595,T7952"	""	
""	"582.092"	""	"2.12e+04"	E'	"64892.5514"	"82067.21"	"3s2.3p3.(4S*).4p"	"3P"	"2"	"3s2.3p3.(4S*).9d"	"3D*"	"1"		"T8595,T7952"	""	
""	"582.098"	""	"5.67e+05"	D	"64888.9325"	"82063.40"	"3s2.3p3.(4S*).4p"	"3P"	"1"	"3s2.3p3.(4S*).9d"	"3D*"	"2"		"T8595,T7952"	""	
""	"582.221"	""	"1.89e+05"	E	"64892.5514"	"82063.40"	"3s2.3p3.(4S*).4p"	"3P"	"2"	"3s2.3p3.(4S*).9d"	"3D*"	"2"		"T8595,T7952"	""	
""	"582.278"	""	"7.52e+05"	D	"64892.5514"	"82061.72"	"3s2.3p3.(4S*).4p"	"3P"	"2"	"3s2.3p3.(4S*).9d"	"3D*"	"3"		"T8595,T7952"	""	
"587.963"	"587.9664"	"160"	"3.93e+05"	D	"63446.038"	"80449.10"	"3s2.3p3.(4S*).4p"	"5P"	"1"	"3s2.3p3.(4S*).8s"	"5S*"	"2"		"T8595,T7952"	"L7427"	
"588.349"	"588.3498"	"200"	"6.53e+05"	D	"63457.1166"	"80449.10"	"3s2.3p3.(4S*).4p"	"5P"	"2"	"3s2.3p3.(4S*).8s"	"5S*"	"2"		"T8595,T7952"	"L7427"	
"588.975"	"588.9706"	"240"	"9.11e+05"	D	"63475.027"	"80449.10"	"3s2.3p3.(4S*).4p"	"5P"	"3"	"3s2.3p3.(4S*).8s"	"5S*"	"2"		"T8595,T7952"	"L7427"	
""	"589.433"	""	"2.14e+05"	E	"64888.9325"	"81849.68"	"3s2.3p3.(4S*).4p"	"3P"	"1"	"3s2.3p3.(4S*).10s"	"3S*"	"1"		"T8595,T7952"	""	
""	"589.517"	""	"7.12e+04"	E	"64891.3536"	"81849.68"	"3s2.3p3.(4S*).4p"	"3P"	"0"	"3s2.3p3.(4S*).10s"	"3S*"	"1"		"T8595,T7952"	""	
""	"589.559"	""	"3.55e+05"	D	"64892.5514"	"81849.68"	"3s2.3p3.(4S*).4p"	"3P"	"2"	"3s2.3p3.(4S*).10s"	"3S*"	"1"		"T8595,T7952"	""	
""	"595.820"	""	"4.45e+05"	D	"64888.9325"	"81667.88"	"3s2.3p3.(4S*).4p"	"3P"	"1"	"3s2.3p3.(4S*).8d"	"3D*"	"1"		"T8595,T7952"	""	
"595.911"	"595.904"	"84*"	"8.00e+05"	D	"64888.9325"	"81665.52"	"3s2.3p3.(4S*).4p"	"3P"	"1"	"3s2.3p3.(4S*).8d"	"3D*"	"2"		"T8595,T7952"	"L7427"	
"595.911"	"595.906"	"84*"	"5.91e+05"	D	"64891.3536"	"81667.88"	"3s2.3p3.(4S*).4p"	"3P"	"0"	"3s2.3p3.(4S*).8d"	"3D*"	"1"		"T8595,T7952"	"L7427"	
""	"595.948"	""	"2.96e+04"	E'	"64892.5514"	"81667.88"	"3s2.3p3.(4S*).4p"	"3P"	"2"	"3s2.3p3.(4S*).8d"	"3D*"	"1"		"T8595,T7952"	""	
""	"596.032"	""	"2.67e+05"	D	"64892.5514"	"81665.52"	"3s2.3p3.(4S*).4p"	"3P"	"2"	"3s2.3p3.(4S*).8d"	"3D*"	"2"		"T8595,T7952"	""	
"596.119"	"596.119"	"84"	"1.06e+06"	D	"64892.5514"	"81663.07"	"3s2.3p3.(4S*).4p"	"3P"	"2"	"3s2.3p3.(4S*).8d"	"3D*"	"3"		"T8595,T7952"	"L7427"	
"604.193"	"604.193"	"290*"	"1.51e+06"	D	"63446.038"	"79992.46u"	"3s2.3p3.(4S*).4p"	"5P"	"1"	"3s2.3p3.(4S*).6d"	"5D*"	"2"		"T8595,T7952"	"L7427"	
"604.193"	"604.193"	"290*"	"3.21e+06"	D+	"63446.038"	"79992.46u"	"3s2.3p3.(4S*).4p"	"5P"	"1"	"3s2.3p3.(4S*).6d"	"5D*"	"1"		"T10762,T7952"	"L7427"	
""	"604.598"	""	"2.51e+06"	D+	"63457.1166"	"79992.46u"	"3s2.3p3.(4S*).4p"	"5P"	"2"	"3s2.3p3.(4S*).6d"	"5D*"	"2"		"T8595,T7952"	""	
"604.604"	"604.6085"	"450"	"2.87e+06"	D+	"63457.1166"	"79992.167"	"3s2.3p3.(4S*).4p"	"5P"	"2"	"3s2.3p3.(4S*).6d"	"5D*"	"3"		"T8595,T7952"	"L7427"	
""	"605.253"	""	"2.87e+05"	D	"63475.027"	"79992.46u"	"3s2.3p3.(4S*).4p"	"5P"	"3"	"3s2.3p3.(4S*).6d"	"5D*"	"2"		"T8595,T7952"	""	
""	"605.2641"	""	"1.43e+06"	D+	"63475.027"	"79992.167"	"3s2.3p3.(4S*).4p"	"5P"	"3"	"3s2.3p3.(4S*).6d"	"5D*"	"3"		"T8595,T7952"	""	
"605.266"	"605.2704"	"1400"	"4.30e+06"	D+	"63475.027"	"79991.995"	"3s2.3p3.(4S*).4p"	"5P"	"3"	"3s2.3p3.(4S*).6d"	"5D*"	"4"		"T8595,T7952"	"L7427"	
""	"608.183"	""	"3.23e+05"	D	"64888.9325"	"81326.81"	"3s2.3p3.(4S*).4p"	"3P"	"1"	"3s2.3p3.(4S*).9s"	"3S*"	"1"		"T8595,T7952"	""	
""	"608.272"	""	"1.08e+05"	E	"64891.3536"	"81326.81"	"3s2.3p3.(4S*).4p"	"3P"	"0"	"3s2.3p3.(4S*).9s"	"3S*"	"1"		"T8595,T7952"	""	
""	"608.317"	""	"5.37e+05"	D	"64892.5514"	"81326.81"	"3s2.3p3.(4S*).4p"	"3P"	"2"	"3s2.3p3.(4S*).9s"	"3S*"	"1"		"T8595,T7952"	""	
"617.277"	"617.276"	"74"	"6.26e+05"	D	"64888.9325"	"81084.65"	"3s2.3p3.(4S*).4p"	"3P"	"1"	"3s2.3p3.(4S*).7d"	"3D*"	"1"		"T8595,T7952"	"L7214,L7444,L7427"	
"617.361"	"617.360"	"230"	"1.13e+06"	D	"64888.9325"	"81082.45"	"3s2.3p3.(4S*).4p"	"3P"	"1"	"3s2.3p3.(4S*).7d"	"3D*"	"2"		"T8595,T7952"	"L7214,L7444,L7427"	
""	"617.369"	""	"8.34e+05"	D	"64891.3536"	"81084.65"	"3s2.3p3.(4S*).4p"	"3P"	"0"	"3s2.3p3.(4S*).7d"	"3D*"	"1"		"T8595,T7952"	""	
""	"617.414"	""	"4.17e+04"	E	"64892.5514"	"81084.65"	"3s2.3p3.(4S*).4p"	"3P"	"2"	"3s2.3p3.(4S*).7d"	"3D*"	"1"		"T8595,T7952"	""	
"617.497"	"617.498"	"70"	"3.76e+05"	D	"64892.5514"	"81082.45"	"3s2.3p3.(4S*).4p"	"3P"	"2"	"3s2.3p3.(4S*).7d"	"3D*"	"2"		"T8595,T7952"	"L7444"	
"617.582"	"617.582"	"230"	"1.50e+06"	D+	"64892.5514"	"81080.25"	"3s2.3p3.(4S*).4p"	"3P"	"2"	"3s2.3p3.(4S*).7d"	"3D*"	"3"		"T8595,T7952"	"L7214,L7444,L7427"	
"639.517"	"639.5150"	"100"	"5.23e+05"	D	"64888.9325"	"80521.46"	"3s2.3p3.(4S*).4p"	"3P"	"1"	"3s2.3p3.(4S*).8s"	"3S*"	"1"		"T8595,T7952"	"L7214,L7444,L7427"	
"639.608"	"639.6141"	"41"	"1.75e+05"	E	"64891.3536"	"80521.46"	"3s2.3p3.(4S*).4p"	"3P"	"0"	"3s2.3p3.(4S*).8s"	"3S*"	"1"		"T8595,T7952"	"L7444"	
"639.664"	"639.6631"	"120"	"8.69e+05"	D	"64892.5514"	"80521.46"	"3s2.3p3.(4S*).4p"	"3P"	"2"	"3s2.3p3.(4S*).8s"	"3S*"	"1"		"T8595,T7952"	"L7214,L7444,L7427"	
"640.358"	"640.3589"	"160"	"6.93e+05"	D	"63446.038"	"79057.965"	"3s2.3p3.(4S*).4p"	"5P"	"1"	"3s2.3p3.(4S*).7s"	"5S*"	"2"		"T8595,T7952"	"L7427"	
"640.813"	"640.8136"	"210"	"1.15e+06"	D	"63457.1166"	"79057.965"	"3s2.3p3.(4S*).4p"	"5P"	"2"	"3s2.3p3.(4S*).7s"	"5S*"	"2"		"T8595,T7952"	"L7427"	
"641.550"	"641.5502"	"260"	"1.61e+06"	D+	"63475.027"	"79057.965"	"3s2.3p3.(4S*).4p"	"5P"	"3"	"3s2.3p3.(4S*).7s"	"5S*"	"2"		"T8595,T7952"	"L7427"	
"653.561"	"653.560"	"110"	"8.69e+05"	D	"64888.9325"	"80185.51"	"3s2.3p3.(4S*).4p"	"3P"	"1"	"3s2.3p3.(4S*).6d"	"3D*"	"1"		"T8595,T7952"	"L7214,L7444,L7427"	
"653.641"	"653.637"	"190"	"1.56e+06"	D+	"64888.9325"	"80183.71"	"3s2.3p3.(4S*).4p"	"3P"	"1"	"3s2.3p3.(4S*).6d"	"3D*"	"2"		"T8595,T7952"	"L7444"	
"653.667"	"653.664"	"130"	"1.16e+06"	D	"64891.3536"	"80185.51"	"3s2.3p3.(4S*).4p"	"3P"	"0"	"3s2.3p3.(4S*).6d"	"3D*"	"1"		"T8595,T7952"	"L7444"	
""	"653.715"	""	"5.79e+04"	E	"64892.5514"	"80185.51"	"3s2.3p3.(4S*).4p"	"3P"	"2"	"3s2.3p3.(4S*).6d"	"3D*"	"1"		"T8595,T7952"	""	
"653.796"	"653.792"	"68"	"5.21e+05"	D	"64892.5514"	"80183.71"	"3s2.3p3.(4S*).4p"	"3P"	"2"	"3s2.3p3.(4S*).6d"	"3D*"	"2"		"T8595,T7952"	"L7214,L7444,L7427"	
"653.857"	"653.8575"	"240"	"2.08e+06"	D+	"64892.5514"	"80182.18"	"3s2.3p3.(4S*).4p"	"3P"	"2"	"3s2.3p3.(4S*).6d"	"3D*"	"3"		"T8595,T7952"	"L7214,L7444,L7427"	
"674.358"	"674.3658"	"460"	"2.52e+06"	D+	"63446.038"	"78270.692"	"3s2.3p3.(4S*).4p"	"5P"	"1"	"3s2.3p3.(4S*).5d"	"5D*"	"2"		"T8595,T7952"	"L7427"	
""	"674.8702"	""	"4.21e+06"	D+	"63457.1166"	"78270.692"	"3s2.3p3.(4S*).4p"	"5P"	"2"	"3s2.3p3.(4S*).5d"	"5D*"	"2"		"T8595,T7952"	""	
"674.879"	"674.8851"	"720"	"4.81e+06"	D+	"63457.1166"	"78270.364"	"3s2.3p3.(4S*).4p"	"5P"	"2"	"3s2.3p3.(4S*).5d"	"5D*"	"3"		"T8595,T7952"	"L7427"	
""	"675.6871"	""	"4.81e+05"	D	"63475.027"	"78270.692"	"3s2.3p3.(4S*).4p"	"5P"	"3"	"3s2.3p3.(4S*).5d"	"5D*"	"2"		"T8595,T7952"	""	
""	"675.7021"	""	"2.41e+06"	D+	"63475.027"	"78270.364"	"3s2.3p3.(4S*).4p"	"5P"	"3"	"3s2.3p3.(4S*).5d"	"5D*"	"3"		"T8595,T7952"	""	
"675.716"	"675.7177"	"1100"	"7.22e+06"	D+	"63475.027"	"78270.022"	"3s2.3p3.(4S*).4p"	"5P"	"3"	"3s2.3p3.(4S*).5d"	"5D*"	"4"		"T8595,T7952"	"L7427"	
"699.279"	"699.2831"	"130"	"9.32e+05"	D	"64888.9325"	"79185.35"	"3s2.3p3.(4S*).4p"	"3P"	"1"	"3s2.3p3.(4S*).7s"	"3S*"	"1"		"T8595,T7952"	"L7214,L7444,L7427"	
"699.399"	"699.4015"	"66"	"3.11e+05"	D	"64891.3536"	"79185.35"	"3s2.3p3.(4S*).4p"	"3P"	"0"	"3s2.3p3.(4S*).7s"	"3S*"	"1"		"T8595,T7952"	"L7444"	
"699.458"	"699.4601"	"170"	"1.55e+06"	D	"64892.5514"	"79185.35"	"3s2.3p3.(4S*).4p"	"3P"	"2"	"3s2.3p3.(4S*).7s"	"3S*"	"1"		"T8595,T7952"	"L7214,L7444,L7427"	
"716.143"	"716.142"	"330*"	"3.46e+05"	E	"67877.620"	"81837.48u"	"3s2.3p3.(4S*).3d"	"5D*"	"4"	"3s2.3p3.(4S*).8f"	"5F"	"4"		"T8595,T7952"	"L7444"	
"716.143"	"716.142"	"330*"	"2.08e+06"	D	"67877.620"	"81837.48u"	"3s2.3p3.(4S*).3d"	"5D*"	"4"	"3s2.3p3.(4S*).8f"	"5F"	"5"		"T8595,T7952"	"L7444"	
"716.143"	"716.142"	"330*"	"2.97e+04"	E	"67877.620"	"81837.48u"	"3s2.3p3.(4S*).3d"	"5D*"	"4"	"3s2.3p3.(4S*).8f"	"5F"	"3"		"T8595,T7952"	"L7444"	
""	"716.476"	""	"9.68e+05"	E	"67884.126"	"81837.48u"	"3s2.3p3.(4S*).3d"	"5D*"	"0"	"3s2.3p3.(4S*).8f"	"5F"	"1"		"T8595,T7952"	""	
"716.553"	"716.547"	"180*"	"9.45e+05"	E	"67885.508"	"81837.48u"	"3s2.3p3.(4S*).3d"	"5D*"	"1"	"3s2.3p3.(4S*).8f"	"5F"	"1"		"T8595,T7952"	"L7444"	
"716.553"	"716.547"	"180*"	"1.13e+06"	D	"67885.508"	"81837.48u"	"3s2.3p3.(4S*).3d"	"5D*"	"1"	"3s2.3p3.(4S*).8f"	"5F"	"2"		"T8595,T7952"	"L7444"	
"716.664"	"716.664"	"230*"	"7.73e+05"	E	"67887.782"	"81837.48u"	"3s2.3p3.(4S*).3d"	"5D*"	"2"	"3s2.3p3.(4S*).8f"	"5F"	"2"		"T8595,T7952"	"L7444"	
"716.664"	"716.664"	"230*"	"1.32e+06"	D	"67887.782"	"81837.48u"	"3s2.3p3.(4S*).3d"	"5D*"	"2"	"3s2.3p3.(4S*).8f"	"5F"	"3"		"T8595,T7952"	"L7444"	
"716.664"	"716.664"	"230*"	"1.29e+05"	E	"67887.782"	"81837.48u"	"3s2.3p3.(4S*).3d"	"5D*"	"2"	"3s2.3p3.(4S*).8f"	"5F"	"1"		"T8595,T7952"	"L7444"	
"716.770"	"716.778"	"230*"	"1.47e+06"	D	"67889.998"	"81837.48u"	"3s2.3p3.(4S*).3d"	"5D*"	"3"	"3s2.3p3.(4S*).8f"	"5F"	"4"		"T8595,T7952"	"L7444"	
"716.770"	"716.778"	"230*"	"5.31e+05"	E	"67889.998"	"81837.48u"	"3s2.3p3.(4S*).3d"	"5D*"	"3"	"3s2.3p3.(4S*).8f"	"5F"	"3"		"T8595,T7952"	"L7444"	
"716.770"	"716.778"	"230*"	"7.09e+04"	E	"67889.998"	"81837.48u"	"3s2.3p3.(4S*).3d"	"5D*"	"3"	"3s2.3p3.(4S*).8f"	"5F"	"2"		"T8595,T7952"	"L7444"	
"724.244"	"724.2478"	"160"	"1.12e+06"	D+	"64888.9325"	"78692.557"	"3s2.3p3.(4S*).4p"	"3P"	"1"	"3s2.3p3.(4S*).5d"	"3D*"	"1"		"T10762,T7952"	"L7214,L7444,L7427"	
"724.305"	"724.3070"	"270"	"2.01e+06"	D+	"64888.9325"	"78691.430"	"3s2.3p3.(4S*).4p"	"3P"	"1"	"3s2.3p3.(4S*).5d"	"3D*"	"2"		"T10762,T7952"	"L7214,L7444,L7427"	
"724.374"	"724.3749"	"170"	"1.49e+06"	D+	"64891.3536"	"78692.557"	"3s2.3p3.(4S*).4p"	"3P"	"0"	"3s2.3p3.(4S*).5d"	"3D*"	"1"		"T10762,T7952"	"L7214,L7444,L7427"	
"724.475"	"724.4752"	"580"	"2.67e+06"	C	"64892.5514"	"78691.843"	"3s2.3p3.(4S*).4p"	"3P"	"2"	"3s2.3p3.(4S*).5d"	"3D*"	"3"		"T10762,T7952"	"L7214,L7444,L7427"	
"740.946"	"740.952"	"96*"	""		"67816.321"	"81308.75u"	"3s2.3p3.(2D*).4s"	"3D*"	"1"	"3s2.3p3.(4S*).7f"	"5F"	"1"		""	"L7444"	
"740.946"	"740.952"	"96*"	""		"67816.321"	"81308.75u"	"3s2.3p3.(2D*).4s"	"3D*"	"1"	"3s2.3p3.(4S*).7f"	"5F"	"2"		""	"L7444"	
"741.435"	"741.438"	"87*"	""		"67825.166"	"81308.75u"	"3s2.3p3.(2D*).4s"	"3D*"	"2"	"3s2.3p3.(4S*).7f"	"5F"	"2"		""	"L7214,L7444,L7427"	
"741.435"	"741.438"	"87*"	""		"67825.166"	"81308.75u"	"3s2.3p3.(2D*).4s"	"3D*"	"2"	"3s2.3p3.(4S*).7f"	"5F"	"1"		""	"L7214,L7444,L7427"	
"741.435"	"741.438"	"87*"	""		"67825.166"	"81308.75u"	"3s2.3p3.(2D*).4s"	"3D*"	"2"	"3s2.3p3.(4S*).7f"	"5F"	"3"		""	"L7214,L7444,L7427"	
"742.368"	"742.3779"	"130*"	"5.94e+04"	E	"67842.8458"	"81309.366u"	"3s2.3p3.(2D*).4s"	"3D*"	"3"	"3s2.3p3.(4S*).7f"	"3F"	"4"		"T10762,T7952"	"L7444"	
"742.368"	"742.3779"	"130*"	""		"67842.8458"	"81309.366u"	"3s2.3p3.(2D*).4s"	"3D*"	"3"	"3s2.3p3.(4S*).7f"	"3F"	"3"		""	"L7444"	
"742.368"	"742.3779"	"130*"	""		"67842.8458"	"81309.366u"	"3s2.3p3.(2D*).4s"	"3D*"	"3"	"3s2.3p3.(4S*).7f"	"3F"	"2"		""	"L7444"	
"742.414"	"742.412"	"170*"	""		"67842.8458"	"81308.75u"	"3s2.3p3.(2D*).4s"	"3D*"	"3"	"3s2.3p3.(4S*).7f"	"5F"	"2"		""	"L7214,L7444,L7427"	
"742.414"	"742.412"	"170*"	"1.37e+05"	D	"67842.8458"	"81308.75u"	"3s2.3p3.(2D*).4s"	"3D*"	"3"	"3s2.3p3.(4S*).7f"	"5F"	"3"		"T10762,T7952"	"L7214,L7444,L7427"	
"742.414"	"742.412"	"170*"	"3.83e+05"	D+	"67842.8458"	"81308.75u"	"3s2.3p3.(2D*).4s"	"3D*"	"3"	"3s2.3p3.(4S*).7f"	"5F"	"4"		"T10762,T7952"	"L7214,L7444,L7427"	
"744.335"	"744.334"	"320*"	"3.12e+06"	D	"67877.620"	"81308.75u"	"3s2.3p3.(4S*).3d"	"5D*"	"4"	"3s2.3p3.(4S*).7f"	"5F"	"5"		"T8595,T7952"	"L7214,L7444,L7427"	
"744.335"	"744.334"	"320*"	"5.19e+05"	E	"67877.620"	"81308.75u"	"3s2.3p3.(4S*).3d"	"5D*"	"4"	"3s2.3p3.(4S*).7f"	"5F"	"4"		"T8595,T7952"	"L7214,L7444,L7427"	
"744.335"	"744.334"	"320*"	"4.45e+04"	E	"67877.620"	"81308.75u"	"3s2.3p3.(4S*).3d"	"5D*"	"4"	"3s2.3p3.(4S*).7f"	"5F"	"3"		"T8595,T7952"	"L7214,L7444,L7427"	
"744.697"	"744.695"	"90"	"1.45e+06"	E	"67884.126"	"81308.75u"	"3s2.3p3.(4S*).3d"	"5D*"	"0"	"3s2.3p3.(4S*).7f"	"5F"	"1"		"T8595,T7952"	"L7444"	
"744.765"	"744.771"	"140*"	"1.70e+06"	D	"67885.508"	"81308.75u"	"3s2.3p3.(4S*).3d"	"5D*"	"1"	"3s2.3p3.(4S*).7f"	"5F"	"2"		"T8595,T7952"	"L7214,L7444,L7427"	
"744.765"	"744.771"	"140*"	"1.42e+06"	E	"67885.508"	"81308.75u"	"3s2.3p3.(4S*).3d"	"5D*"	"1"	"3s2.3p3.(4S*).7f"	"5F"	"1"		"T8595,T7952"	"L7214,L7444,L7427"	
"744.902"	"744.898"	"170*"	"1.93e+05"	E	"67887.782"	"81308.75u"	"3s2.3p3.(4S*).3d"	"5D*"	"2"	"3s2.3p3.(4S*).7f"	"5F"	"1"		"T8595,T7952"	"L7214,L7444,L7427"	
"744.902"	"744.898"	"170*"	"1.16e+06"	D	"67887.782"	"81308.75u"	"3s2.3p3.(4S*).3d"	"5D*"	"2"	"3s2.3p3.(4S*).7f"	"5F"	"2"		"T8595,T7952"	"L7214,L7444,L7427"	
"744.902"	"744.898"	"170*"	"1.99e+06"	D	"67887.782"	"81308.75u"	"3s2.3p3.(4S*).3d"	"5D*"	"2"	"3s2.3p3.(4S*).7f"	"5F"	"3"		"T8595,T7952"	"L7214,L7444,L7427"	
"745.025"	"745.021"	"230*"	"1.06e+05"	E	"67889.998"	"81308.75u"	"3s2.3p3.(4S*).3d"	"5D*"	"3"	"3s2.3p3.(4S*).7f"	"5F"	"2"		"T8595,T7952"	"L7214,L7444,L7427"	
"745.025"	"745.021"	"230*"	"7.97e+05"	D	"67889.998"	"81308.75u"	"3s2.3p3.(4S*).3d"	"5D*"	"3"	"3s2.3p3.(4S*).7f"	"5F"	"3"		"T8595,T7952"	"L7214,L7444,L7427"	
"745.025"	"745.021"	"230*"	"2.21e+06"	D	"67889.998"	"81308.75u"	"3s2.3p3.(4S*).3d"	"5D*"	"3"	"3s2.3p3.(4S*).7f"	"5F"	"4"		"T8595,T7952"	"L7214,L7444,L7427"	
"758.570"	"758.570"	"110*"	"2.13e+06"	D+	"67816.321"	"80995.39"	"3s2.3p3.(2D*).4s"	"3D*"	"1"	"3s2.3p3.(4S*).8p"	"3P"	"0"		"T10762,T7952"	"L7214,L7444,L7427"	
"758.570"	"758.575"	"110*"	"5.35e+05"	D	"67816.321"	"80995.31"	"3s2.3p3.(2D*).4s"	"3D*"	"1"	"3s2.3p3.(4S*).8p"	"3P"	"1"		"T10762,T7952"	"L7214,L7444,L7427"	
"759.084"	"759.084"	"150w"	"1.49e+06"	D+	"67825.166"	"80995.31"	"3s2.3p3.(2D*).4s"	"3D*"	"2"	"3s2.3p3.(4S*).8p"	"3P"	"1"		"T10762,T7952"	"L7444"	
"760.081"	"760.081"	"180"	"1.50e+06"	D+	"67842.8458"	"80995.72"	"3s2.3p3.(2D*).4s"	"3D*"	"3"	"3s2.3p3.(4S*).8p"	"3P"	"2"		"T10762,T7952"	"L7444"	
"767.961"	"767.95867"	"470"	"1.2e+06"	D	"63446.038"	"76463.989"	"3s2.3p3.(4S*).4p"	"5P"	"1"	"3s2.3p3.(4S*).6s"	"5S*"	"2"		"T8595,T1619CA,LS"	"L7214,L7444,L7427"	
"768.611"	"768.61278"	"920"	"2.0e+06"	D	"63457.1166"	"76463.989"	"3s2.3p3.(4S*).4p"	"5P"	"2"	"3s2.3p3.(4S*).6s"	"5S*"	"2"		"T8595,T1619CA,LS"	"L7214,L7444,L7427"	
"769.672"	"769.67262"	"1600"	"2.8e+06"	D	"63475.027"	"76463.989"	"3s2.3p3.(4S*).4p"	"5P"	"3"	"3s2.3p3.(4S*).6s"	"5S*"	"2"		"T8595,T1619CA,LS"	"L7214,L7444,L7427"	
"772.50461"	"772.50460"	"26"	"1.38e+00"	B	"9238.6090"	"22179.9542"	"3s2.3p4"	"1D"	"2"	"3s2.3p4"	"1S"	"0"	E2	"T8595,T7942c84"	"L4347"	
